Location,Crop,Year,Site_crop_yr,CRD,Rep,EU,Soil,Herb,CYInjury,Crop Canopy,yield,Stand Count
Arlington,Corn,2019,ARL_CN_19,N,1,101,Till,CTRL,0,5.03,14134.97901,78740.03341
Arlington,Corn,2019,ARL_CN_19,N,1,102,NT,FO25,0,3.3325,14221.15914,74365.58711
Arlington,Corn,2019,ARL_CN_19,N,1,103,CC,FO50,1,3.7525,13709.2069,83114.47971
Arlington,Corn,2019,ARL_CN_19,N,1,104,NT,FO50,0,3.57,13464.45791,74365.58711
Arlington,Corn,2019,ARL_CN_19,N,1,105,CC,IM50,0,3.9325,12374.10357,74365.58711
Arlington,Corn,2019,ARL_CN_19,N,1,106,Till,FO25,0,4.4925,12384.22803,69991.14081
Arlington,Corn,2019,ARL_CN_19,N,1,107,Till,IM50,0,4.855,11895.88611,69991.14081
Arlington,Corn,2019,ARL_CN_19,N,1,108,NT,CTRL,0,4.0175,11200.9453,74365.58711
Arlington,Corn,2019,ARL_CN_19,N,1,109,CC,FO25,0,4.555,11686.24429,78740.03341
Arlington,Corn,2019,ARL_CN_19,N,1,110,Till,FO50,1,5.1775,13338.21076,78740.03341
Arlington,Corn,2019,ARL_CN_19,N,1,111,NT,IM50,0,4.4,13670.51921,74365.58711
Arlington,Corn,2019,ARL_CN_19,N,1,112,CC,IM25,0,3.4325,13502.63575,69991.14081
Arlington,Corn,2019,ARL_CN_19,N,1,113,NT,IM25,0,3.89,14217.84118,78740.03341
Arlington,Corn,2019,ARL_CN_19,N,1,114,CC,CTRL,1,4.11,13223.15169,83114.47971
Arlington,Corn,2019,ARL_CN_19,N,1,115,Till,IM25,1,5.67,13789.85771,74365.58711
Arlington,Corn,2019,ARL_CN_19,N,2,201,Till,IM25,0,4.575,14887.45999,78740.03341
Arlington,Corn,2019,ARL_CN_19,N,2,202,NT,FO50,0,4.0675,14002.24801,78740.03341
Arlington,Corn,2019,ARL_CN_19,N,2,203,CC,IM50,0,4.6175,13258.46456,83114.47971
Arlington,Corn,2019,ARL_CN_19,N,2,204,NT,CTRL,1,4.42,12889.64835,83114.47971
Arlington,Corn,2019,ARL_CN_19,N,2,205,CC,FO25,0,4.3325,11474.74519,78740.03341
Arlington,Corn,2019,ARL_CN_19,N,2,206,Till,IM50,0,4.7175,11541.33834,83114.47971
Arlington,Corn,2019,ARL_CN_19,N,2,207,Till,FO50,0,5.0325,11584.51577,78740.03341
Arlington,Corn,2019,ARL_CN_19,N,2,208,NT,FO25,0,3.845,10345.08598,87488.92601
Arlington,Corn,2019,ARL_CN_19,N,2,209,CC,FO50,0,4.28,11939.63209,83114.47971
Arlington,Corn,2019,ARL_CN_19,N,2,210,Till,FO25,0,4.89,12823.50588,78740.03341
Arlington,Corn,2019,ARL_CN_19,N,2,211,NT,IM25,0,3.46,12039.93414,74365.58711
Arlington,Corn,2019,ARL_CN_19,N,2,212,CC,CTRL,0,4.1325,12515.73686,87488.92601
Arlington,Corn,2019,ARL_CN_19,N,2,213,NT,IM50,0,3.6775,12109.23879,78740.03341
Arlington,Corn,2019,ARL_CN_19,N,2,214,CC,IM25,1,3.5975,11377.72089,78740.03341
Arlington,Corn,2019,ARL_CN_19,N,2,215,Till,CTRL,0,4.3475,11890.91332,83114.47971
Arlington,Corn,2019,ARL_CN_19,N,3,301,Till,FO25,1,5.5175,14522.85201,83114.47971
Arlington,Corn,2019,ARL_CN_19,N,3,302,NT,CTRL,0,4.88,14603.77,83114.47971
Arlington,Corn,2019,ARL_CN_19,N,3,303,CC,FO25,0,4.7075,11865.65372,83114.47971
Arlington,Corn,2019,ARL_CN_19,N,3,304,NT,IM50,0,5.1375,11722.82832,83114.47971
Arlington,Corn,2019,ARL_CN_19,N,3,305,CC,IM25,1,4.86,8749.913243,83114.47971
Arlington,Corn,2019,ARL_CN_19,N,3,306,Till,IM25,0,4.8575,11320.30321,87488.92601
Arlington,Corn,2019,ARL_CN_19,N,3,307,Till,CTRL,0,5.4375,10918.99334,78740.03341
Arlington,Corn,2019,ARL_CN_19,N,3,308,NT,IM25,0,4.69,10584.48925,78740.03341
Arlington,Corn,2019,ARL_CN_19,N,3,309,CC,CTRL,0,4.4925,11593.76104,74365.58711
Arlington,Corn,2019,ARL_CN_19,N,3,310,Till,FO50,2,5.185,12237.07605,78740.03341
Arlington,Corn,2019,ARL_CN_19,N,3,311,NT,FO25,1,4.44,12546.68849,74365.58711
Arlington,Corn,2019,ARL_CN_19,N,3,312,CC,IM50,0,4.18,10911.23972,83114.47971
Arlington,Corn,2019,ARL_CN_19,N,3,313,NT,FO50,0,4.3625,11435.76028,83114.47971
Arlington,Corn,2019,ARL_CN_19,N,3,314,CC,FO50,0,4.2575,9636.798989,83114.47971
Arlington,Corn,2019,ARL_CN_19,N,3,315,Till,IM50,0,4.615,11610.60786,74365.58711
Arlington,Corn,2019,ARL_CN_19,N,4,401,Till,IM50,0,4.7,13046.72324,69991.14081
Arlington,Corn,2019,ARL_CN_19,N,4,402,NT,FO50,1,4.955,10227.53505,83114.47971
Arlington,Corn,2019,ARL_CN_19,N,4,403,CC,IM25,1,4.6175,9036.05218,78740.03341
Arlington,Corn,2019,ARL_CN_19,N,4,404,NT,IM25,0,5.115,9363.66103,74365.58711
Arlington,Corn,2019,ARL_CN_19,N,4,405,CC,IM50,0,3.73,6457.207367,74365.58711
Arlington,Corn,2019,ARL_CN_19,N,4,406,Till,CTRL,0,5.11,9205.61358,83114.47971
Arlington,Corn,2019,ARL_CN_19,N,4,407,Till,FO25,0,4.8975,10777.65311,78740.03341
Arlington,Corn,2019,ARL_CN_19,N,4,408,NT,IM50,0,3.5475,9646.591093,78740.03341
Arlington,Corn,2019,ARL_CN_19,N,4,409,CC,FO25,0,3.2025,10700.77881,69991.14081
Arlington,Corn,2019,ARL_CN_19,N,4,410,Till,IM25,0,4.8425,12358.39201,78740.03341
Arlington,Corn,2019,ARL_CN_19,N,4,411,NT,CTRL,1,4.2025,12409.24217,78740.03341
Arlington,Corn,2019,ARL_CN_19,N,4,412,CC,FO50,0,3.37,10829.19479,78740.03341
Arlington,Corn,2019,ARL_CN_19,N,4,413,NT,FO25,0,4.0075,11269.93563,78740.03341
Arlington,Corn,2019,ARL_CN_19,N,4,414,CC,CTRL,0,4.2125,9247.403827,74365.58711
Arlington,Corn,2019,ARL_CN_19,N,4,415,Till,FO50,0,5.5475,10767.12697,78740.03341
Arlington,Corn,2020,ARL_CN_20,Y,1,101,Till,CTRL,0,15.4675,14388.66659,91863.37231
Arlington,Corn,2020,ARL_CN_20,Y,1,102,NT,FO25,0,15.625,14663.2895,91863.37231
Arlington,Corn,2020,ARL_CN_20,Y,1,103,CC,FO25,0,15.795,14041.93827,91863.37231
Arlington,Corn,2020,ARL_CN_20,Y,1,104,NT,IM50,0,18.1225,13759.33697,96237.81861
Arlington,Corn,2020,ARL_CN_20,Y,1,105,NT,IM25,0,16.9875,15240.10955,87488.92601
Arlington,Corn,2020,ARL_CN_20,Y,1,106,Till,FO25,0,18.875,16217.78696,87488.92601
Arlington,Corn,2020,ARL_CN_20,Y,1,107,Till,FO50,2,17.2825,15846.12053,91863.37231
Arlington,Corn,2020,ARL_CN_20,Y,1,108,CC,CTRL,0,13.695,14288.74888,87488.92601
Arlington,Corn,2020,ARL_CN_20,Y,1,109,NT,FO50,0,15.4075,15683.54974,87488.92601
Arlington,Corn,2020,ARL_CN_20,Y,1,110,CC,IM25,0,17.375,15791.63398,91863.37231
Arlington,Corn,2020,ARL_CN_20,Y,1,111,Till,IM50,0,16.685,14915.67784,91863.37231
Arlington,Corn,2020,ARL_CN_20,Y,1,112,NT,CTRL,0,20.39,16497.6579,91863.37231
Arlington,Corn,2020,ARL_CN_20,Y,1,113,CC,IM50,0,13.78,15800.6723,87488.92601
Arlington,Corn,2020,ARL_CN_20,Y,1,114,Till,IM25,0,15.565,14809.68807,91863.37231
Arlington,Corn,2020,ARL_CN_20,Y,1,115,CC,FO50,0,16.0075,15982.91232,78740.03341
Arlington,Corn,2020,ARL_CN_20,Y,2,201,Till,CTRL,0,14.5775,13730.46098,91863.37231
Arlington,Corn,2020,ARL_CN_20,Y,2,202,NT,IM50,0,16.79,13729.43894,83114.47971
Arlington,Corn,2020,ARL_CN_20,Y,2,203,CC,FO25,0,14.485,13225.18761,96237.81861
Arlington,Corn,2020,ARL_CN_20,Y,2,204,NT,FO25,0,17.15,13764.66728,96237.81861
Arlington,Corn,2020,ARL_CN_20,Y,2,205,NT,IM25,0,17.625,15545.22016,91863.37231
Arlington,Corn,2020,ARL_CN_20,Y,2,206,Till,IM50,0,19.51,16060.85679,91863.37231
Arlington,Corn,2020,ARL_CN_20,Y,2,207,Till,CTRL,0,18.0375,16909.62168,96237.81861
Arlington,Corn,2020,ARL_CN_20,Y,2,208,CC,FO50,0,18.71,17174.97231,91863.37231
Arlington,Corn,2020,ARL_CN_20,Y,2,209,NT,FO25,0,19.68,15260.7422,87488.92601
Arlington,Corn,2020,ARL_CN_20,Y,2,210,CC,CTRL,0,16.545,16436.83704,91863.37231
Arlington,Corn,2020,ARL_CN_20,Y,2,211,Till,FO50,0,18.12,15794.27833,87488.92601
Arlington,Corn,2020,ARL_CN_20,Y,2,212,NT,IM25,0,21.19,17186.69011,87488.92601
Arlington,Corn,2020,ARL_CN_20,Y,2,213,CC,IM50,0,19.275,16120.42253,91863.37231
Arlington,Corn,2020,ARL_CN_20,Y,2,214,Till,FO50,0,19.995,17256.55854,96237.81861
Arlington,Corn,2020,ARL_CN_20,Y,2,215,CC,IM25,0,20.295,17593.79622,91863.37231
Arlington,Corn,2020,ARL_CN_20,Y,3,301,Till,IM50,0,17.0625,13238.73398,96237.81861
Arlington,Corn,2020,ARL_CN_20,Y,3,302,NT,FO25,0,17.0875,12235.47007,87488.92601
Arlington,Corn,2020,ARL_CN_20,Y,3,303,CC,CTRL,0,16.5425,12694.98674,87488.92601
Arlington,Corn,2020,ARL_CN_20,Y,3,304,NT,CTRL,0,19.285,13113.91424,91863.37231
Arlington,Corn,2020,ARL_CN_20,Y,3,305,NT,FO50,0,19.525,14699.15742,87488.92601
Arlington,Corn,2020,ARL_CN_20,Y,3,306,Till,IM25,0,18.0525,16668.67552,91863.37231
Arlington,Corn,2020,ARL_CN_20,Y,3,307,Till,CTRL,0,17.4325,15787.76412,91863.37231
Arlington,Corn,2020,ARL_CN_20,Y,3,308,CC,IM50,0,18.3275,17301.59518,96237.81861
Arlington,Corn,2020,ARL_CN_20,Y,3,309,NT,FO50,0,16.0625,17728.64486,91863.37231
Arlington,Corn,2020,ARL_CN_20,Y,3,310,CC,FO25,0,15.0175,16961.29083,96237.81861
Arlington,Corn,2020,ARL_CN_20,Y,3,311,Till,FO50,0,15.95,15827.99257,83114.47971
Arlington,Corn,2020,ARL_CN_20,Y,3,312,NT,IM25,0,20.495,18081.91048,91863.37231
Arlington,Corn,2020,ARL_CN_20,Y,3,313,CC,IM25,0,18.18,16294.13537,87488.92601
Arlington,Corn,2020,ARL_CN_20,Y,3,314,Till,IM50,0,17.1425,15727.29704,74365.58711
Arlington,Corn,2020,ARL_CN_20,Y,3,315,CC,FO25,0,19.535,15002.63508,87488.92601
Arlington,Corn,2020,ARL_CN_20,Y,4,401,Till,FO50,2,19.5625,11357.64466,91863.37231
Arlington,Corn,2020,ARL_CN_20,Y,4,402,NT,IM25,0,17.1525,11216.32898,91863.37231
Arlington,Corn,2020,ARL_CN_20,Y,4,403,CC,FO50,2,17.8175,9211.664863,87488.92601
Arlington,Corn,2020,ARL_CN_20,Y,4,404,NT,FO25,0,17.5225,13115.91392,91863.37231
Arlington,Corn,2020,ARL_CN_20,Y,4,405,NT,FO25,0,17.64,15716.33675,91863.37231
Arlington,Corn,2020,ARL_CN_20,Y,4,406,Till,IM50,0,18.055,15438.53578,91863.37231
Arlington,Corn,2020,ARL_CN_20,Y,4,407,Till,FO50,3,18.545,15804.28688,87488.92601
Arlington,Corn,2020,ARL_CN_20,Y,4,408,CC,IM25,0,18.3475,16215.95562,91863.37231
Arlington,Corn,2020,ARL_CN_20,Y,4,409,NT,CTRL,0,15.685,14986.27695,83114.47971
Arlington,Corn,2020,ARL_CN_20,Y,4,410,CC,IM50,0,14.33,15145.57399,87488.92601
Arlington,Corn,2020,ARL_CN_20,Y,4,411,Till,CTRL,0,17.2275,16196.84909,74365.58711
Arlington,Corn,2020,ARL_CN_20,Y,4,412,NT,FO25,0,21.9925,15866.02804,87488.92601
Arlington,Corn,2020,ARL_CN_20,Y,4,413,CC,CTRL,0,18.04,15489.60428,87488.92601
Arlington,Corn,2020,ARL_CN_20,Y,4,414,Till,IM50,0,19.0675,16159.40049,91863.37231
Arlington,Corn,2020,ARL_CN_20,Y,4,415,CC,IM25,0,20.075,13323.58333,91863.37231
Havelock,Corn,2019,HAV_CN_19,N,1,101,Till,CTRL,0,10.5125,11809.90102,83114.47971
Havelock,Corn,2019,HAV_CN_19,N,1,102,NT,FO25,0,7.235,10085.89784,74365.58711
Havelock,Corn,2019,HAV_CN_19,N,1,103,CC,FO25,0,11.27,11769.49471,74365.58711
Havelock,Corn,2019,HAV_CN_19,N,1,104,Till,FO25,0,10.83,13271.5743,78740.03341
Havelock,Corn,2019,HAV_CN_19,N,1,105,CC,FO50,0,11.315,11716.44446,87488.92601
Havelock,Corn,2019,HAV_CN_19,N,1,106,NT,FO50,0,8.075,10215.93825,83114.47971
Havelock,Corn,2019,HAV_CN_19,N,1,107,NT,IM50,0,7.0775,10983.24947,78740.03341
Havelock,Corn,2019,HAV_CN_19,N,1,108,CC,CTRL,0,10.48,12078.7629,78740.03341
Havelock,Corn,2019,HAV_CN_19,N,1,109,Till,FO50,0,9.47,11269.90791,74365.58711
Havelock,Corn,2019,HAV_CN_19,N,1,110,NT,IM25,0,6.9175,9989.787641,87488.92601
Havelock,Corn,2019,HAV_CN_19,N,1,111,CC,IM25,1,9.3325,10492.2308,83114.47971
Havelock,Corn,2019,HAV_CN_19,N,1,112,Till,IM25,0,11.1125,12274.30494,83114.47971
Havelock,Corn,2019,HAV_CN_19,N,1,113,Till,IM50,0,10.4075,13065.75776,87488.92601
Havelock,Corn,2019,HAV_CN_19,N,1,114,NT,CTRL,0,8.6075,10115.78195,83114.47971
Havelock,Corn,2019,HAV_CN_19,N,1,115,CC,IM50,0,7.3175,10965.81185,83114.47971
Havelock,Corn,2019,HAV_CN_19,N,2,201,Till,FO50,0,11.8575,12439.89524,87488.92601
Havelock,Corn,2019,HAV_CN_19,N,2,202,NT,FO50,0,8.7,10212.34458,83114.47971
Havelock,Corn,2019,HAV_CN_19,N,2,203,CC,FO25,0,11.1825,11849.99613,83114.47971
Havelock,Corn,2019,HAV_CN_19,N,2,204,Till,IM25,0,12.9025,11581.58251,83114.47971
Havelock,Corn,2019,HAV_CN_19,N,2,205,CC,IM50,0,9.645,11329.65276,83114.47971
Havelock,Corn,2019,HAV_CN_19,N,2,206,NT,FO25,0,8.7625,10737.09311,83114.47971
Havelock,Corn,2019,HAV_CN_19,N,2,207,NT,CTRL,0,9.055,10766.11654,87488.92601
Havelock,Corn,2019,HAV_CN_19,N,2,208,CC,IM25,0,10.55,11646.26769,78740.03341
Havelock,Corn,2019,HAV_CN_19,N,2,209,Till,FO25,0,8.7375,12262.81771,83114.47971
Havelock,Corn,2019,HAV_CN_19,N,2,210,NT,IM25,0,8.1375,11769.98431,78740.03341
Havelock,Corn,2019,HAV_CN_19,N,2,211,CC,FO50,0,10.9725,12631.04398,78740.03341
Havelock,Corn,2019,HAV_CN_19,N,2,212,Till,CTRL,0,9.7775,11943.72157,83114.47971
Havelock,Corn,2019,HAV_CN_19,N,2,213,Till,IM50,0,9.6125,11242.96679,83114.47971
Havelock,Corn,2019,HAV_CN_19,N,2,214,NT,IM50,0,7.47,11397.76659,74365.58711
Havelock,Corn,2019,HAV_CN_19,N,2,215,CC,CTRL,,,,
Havelock,Corn,2019,HAV_CN_19,N,3,301,Till,IM50,0,10.9675,12481.21259,78740.03341
Havelock,Corn,2019,HAV_CN_19,N,3,302,NT,IM50,0,9.56,9840.156072,74365.58711
Havelock,Corn,2019,HAV_CN_19,N,3,303,CC,IM25,0,11.225,10038.66777,65616.69451
Havelock,Corn,2019,HAV_CN_19,N,3,304,Till,FO50,0,10.9225,10960.78329,83114.47971
Havelock,Corn,2019,HAV_CN_19,N,3,305,CC,CTRL,0,10.7675,11058.07893,83114.47971
Havelock,Corn,2019,HAV_CN_19,N,3,306,NT,IM25,0,10.8325,10406.5122,83114.47971
Havelock,Corn,2019,HAV_CN_19,N,3,307,NT,FO50,0,11.8625,11771.48025,78740.03341
Havelock,Corn,2019,HAV_CN_19,N,3,308,CC,IM25,0,9.895,11485.01493,69991.14081
Havelock,Corn,2019,HAV_CN_19,N,3,309,Till,FO25,0,11.0275,10986.35377,78740.03341
Havelock,Corn,2019,HAV_CN_19,N,3,310,NT,IM50,0,7.715,9024.496867,78740.03341
Havelock,Corn,2019,HAV_CN_19,N,3,311,CC,IM50,0,9.565,11201.04171,78740.03341
Havelock,Corn,2019,HAV_CN_19,N,3,312,Till,FO25,0,10.63,11570.08368,83114.47971
Havelock,Corn,2019,HAV_CN_19,N,3,313,Till,CTRL,0,9.12,10916.16245,74365.58711
Havelock,Corn,2019,HAV_CN_19,N,3,314,NT,CTRL,0,9.795,11197.26601,83114.47971
Havelock,Corn,2019,HAV_CN_19,N,3,315,CC,FO25,0,10.4575,10002.85609,87488.92601
Havelock,Corn,2019,HAV_CN_19,N,4,401,Till,IM50,0,11.2975,11791.13416,83114.47971
Havelock,Corn,2019,HAV_CN_19,N,4,402,NT,FO50,0,8.6375,10079.15538,83114.47971
Havelock,Corn,2019,HAV_CN_19,N,4,403,CC,CTRL,0,11.425,10026.79312,78740.03341
Havelock,Corn,2019,HAV_CN_19,N,4,404,Till,IM25,0,12.9125,11697.89765,78740.03341
Havelock,Corn,2019,HAV_CN_19,N,4,405,CC,FO50,0,10.94,11672.40901,78740.03341
Havelock,Corn,2019,HAV_CN_19,N,4,406,NT,IM50,0,10.175,11376.24603,83114.47971
Havelock,Corn,2019,HAV_CN_19,N,4,407,NT,IM25,2,11.095,10249.62095,78740.03341
Havelock,Corn,2019,HAV_CN_19,N,4,408,CC,IM50,0,12.06,10494.60905,74365.58711
Havelock,Corn,2019,HAV_CN_19,N,4,409,Till,FO50,1,10.93,11308.79005,83114.47971
Havelock,Corn,2019,HAV_CN_19,N,4,410,NT,CTRL,0,8.81,9405.238606,78740.03341
Havelock,Corn,2019,HAV_CN_19,N,4,411,CC,FO25,0,10.0675,10847.79778,83114.47971
Havelock,Corn,2019,HAV_CN_19,N,4,412,Till,CTRL,1,9.0575,12040.32595,87488.92601
Havelock,Corn,2019,HAV_CN_19,N,4,413,Till,FO25,0,12.745,12508.86628,83114.47971
Havelock,Corn,2019,HAV_CN_19,N,4,414,NT,FO25,0,7.7575,10472.5468,78740.03341
Havelock,Corn,2019,HAV_CN_19,N,4,415,CC,IM25,0,10.84,12647.56043,87488.92601
Havelock,Corn,2020,HAV_CN_20,N,1,101,Till,CTRL,0,24.765,10297.86773,87488.92601
Havelock,Corn,2020,HAV_CN_20,N,1,102,NT,CTRL,0,22.5375,8451.866677,83114.47971
Havelock,Corn,2020,HAV_CN_20,N,1,103,CC,CTRL,0,24.1025,9494.200279,83114.47971
Havelock,Corn,2020,HAV_CN_20,N,1,104,NT,IM25,0,13.21,12235.96372,78740.03341
Havelock,Corn,2020,HAV_CN_20,N,1,105,CC,IM25,0,11.9375,8943.179167,74365.58711
Havelock,Corn,2020,HAV_CN_20,N,1,106,Till,IM25,0,13.7775,10533.38835,83114.47971
Havelock,Corn,2020,HAV_CN_20,N,1,107,CC,IM50,1,12.535,10104.48208,83114.47971
Havelock,Corn,2020,HAV_CN_20,N,1,108,Till,IM50,2,11.4625,11178.48579,83114.47971
Havelock,Corn,2020,HAV_CN_20,N,1,109,NT,IM50,0,13.66,10064.60943,78740.03341
Havelock,Corn,2020,HAV_CN_20,N,1,110,NT,FO50,3,13.335,10361.00595,74365.58711
Havelock,Corn,2020,HAV_CN_20,N,1,111,CC,FO50,2,17.6275,9671.49862,83114.47971
Havelock,Corn,2020,HAV_CN_20,N,1,112,Till,FO50,2,14.2875,11764.62128,78740.03341
Havelock,Corn,2020,HAV_CN_20,N,1,113,NT,FO25,3,15.165,10356.19333,78740.03341
Havelock,Corn,2020,HAV_CN_20,N,1,114,CC,FO25,6,15.67,10072.41954,83114.47971
Havelock,Corn,2020,HAV_CN_20,N,1,115,Till,FO25,8,18.965,10632.07878,78740.03341
Havelock,Corn,2020,HAV_CN_20,N,2,201,Till,IM25,0,26.605,9912.926521,74365.58711
Havelock,Corn,2020,HAV_CN_20,N,2,202,NT,FO25,3,23.7575,9153.368584,78740.03341
Havelock,Corn,2020,HAV_CN_20,N,2,203,CC,FO25,4,22.8825,9563.207196,78740.03341
Havelock,Corn,2020,HAV_CN_20,N,2,204,NT,FO50,0,13.5375,10854.27367,74365.58711
Havelock,Corn,2020,HAV_CN_20,N,2,205,CC,FO50,2,16.85,8860.73561,78740.03341
Havelock,Corn,2020,HAV_CN_20,N,2,206,Till,FO25,2,14.3175,9997.118531,78740.03341
Havelock,Corn,2020,HAV_CN_20,N,2,207,CC,CTRL,0,17.4,10172.49189,78740.03341
Havelock,Corn,2020,HAV_CN_20,N,2,208,Till,FO50,0,14.2325,13067.54428,83114.47971
Havelock,Corn,2020,HAV_CN_20,N,2,209,NT,IM25,0,12.7425,9779.904875,74365.58711
Havelock,Corn,2020,HAV_CN_20,N,2,210,NT,CTRL,0,14.74,10000.98218,83114.47971
Havelock,Corn,2020,HAV_CN_20,N,2,211,CC,IM50,2,10.385,9317.246208,78740.03341
Havelock,Corn,2020,HAV_CN_20,N,2,212,Till,CTRL,0,11.56,11456.26564,74365.58711
Havelock,Corn,2020,HAV_CN_20,N,2,213,NT,IM50,4,13.57,10272.6135,87488.92601
Havelock,Corn,2020,HAV_CN_20,N,2,214,CC,IM50,0,13.8725,9980.711904,83114.47971
Havelock,Corn,2020,HAV_CN_20,N,2,215,Till,IM25,0,17.6525,9634.490056,74365.58711
Havelock,Corn,2020,HAV_CN_20,N,3,301,Till,FO50,1,23.13,8723.008601,87488.92601
Havelock,Corn,2020,HAV_CN_20,N,3,302,NT,IM25,0,21.1575,9673.654515,78740.03341
Havelock,Corn,2020,HAV_CN_20,N,3,303,CC,IM25,0,23.0775,9277.257492,83114.47971
Havelock,Corn,2020,HAV_CN_20,N,3,304,NT,FO25,0,14.685,11207.15214,74365.58711
Havelock,Corn,2020,HAV_CN_20,N,3,305,CC,CTRL,0,18.2475,8298.502707,87488.92601
Havelock,Corn,2020,HAV_CN_20,N,3,306,Till,CTRL,0,15.985,8991.094094,78740.03341
Havelock,Corn,2020,HAV_CN_20,N,3,307,CC,FO50,0,17.215,9313.559384,83114.47971
Havelock,Corn,2020,HAV_CN_20,N,3,308,Till,FO25,2,15.185,10305.91728,78740.03341
Havelock,Corn,2020,HAV_CN_20,N,3,309,NT,CTRL,0,11.9525,8106.010333,65616.69451
Havelock,Corn,2020,HAV_CN_20,N,3,310,NT,IM50,0,10.73,10085.19005,83114.47971
Havelock,Corn,2020,HAV_CN_20,N,3,311,CC,FO25,6,11.3375,8716.4469,69991.14081
Havelock,Corn,2020,HAV_CN_20,N,3,312,Till,IM50,0,12.6325,9933.739628,83114.47971
Havelock,Corn,2020,HAV_CN_20,N,3,313,NT,FO50,0,12.795,9226.727373,78740.03341
Havelock,Corn,2020,HAV_CN_20,N,3,314,CC,IM25,0,13.8075,9667.741518,78740.03341
Havelock,Corn,2020,HAV_CN_20,N,3,315,Till,IM50,2,11.66,9512.532159,74365.58711
Havelock,Corn,2020,HAV_CN_20,N,4,401,Till,IM50,0,23.3725,8884.509011,69991.14081
Havelock,Corn,2020,HAV_CN_20,N,4,402,NT,FO50,0,23.8775,9061.892063,74365.58711
Havelock,Corn,2020,HAV_CN_20,N,4,403,CC,FO50,0,21.98,9742.93308,74365.58711
Havelock,Corn,2020,HAV_CN_20,N,4,404,NT,IM50,0,19.4725,10681.77598,69991.14081
Havelock,Corn,2020,HAV_CN_20,N,4,405,CC,IM50,0,13.49,8861.126107,78740.03341
Havelock,Corn,2020,HAV_CN_20,N,4,406,Till,FO50,0,15.83,10057.55259,69991.14081
Havelock,Corn,2020,HAV_CN_20,N,4,407,CC,FO25,4,16.9975,10513.33566,78740.03341
Havelock,Corn,2020,HAV_CN_20,N,4,408,Till,CTRL,0,14.5625,12259.91014,83114.47971
Havelock,Corn,2020,HAV_CN_20,N,4,409,NT,FO25,2,11.855,9013.360091,83114.47971
Havelock,Corn,2020,HAV_CN_20,N,4,410,NT,IM25,0,17.6275,10077.72157,78740.03341
Havelock,Corn,2020,HAV_CN_20,N,4,411,CC,IM25,0,12.4175,8984.078132,74365.58711
Havelock,Corn,2020,HAV_CN_20,N,4,412,Till,IM25,0,16.59,13129.03096,83114.47971
Havelock,Corn,2020,HAV_CN_20,N,4,413,NT,CTRL,0,14.4175,11391.54544,83114.47971
Havelock,Corn,2020,HAV_CN_20,N,4,414,CC,FO25,2,13.2975,10608.62309,83114.47971
Havelock,Corn,2020,HAV_CN_20,N,4,415,Till,CTRL,0,18.205,10721.42921,74365.58711
Lancaster,Corn,2019,LAN_CN_19,N,1,101,Till,CTRL,0,6.8825,12068.87793,83114.47971
Lancaster,Corn,2019,LAN_CN_19,N,1,102,NT,CTRL,0,7.2,9681.385622,74365.58711
Lancaster,Corn,2019,LAN_CN_19,N,1,103,CC,CTRL,0,7.6925,9253.002342,78740.03341
Lancaster,Corn,2019,LAN_CN_19,N,1,104,NT,IM25,0,7.8275,8586.771727,74365.58711
Lancaster,Corn,2019,LAN_CN_19,N,1,105,Till,IM25,0,7.31,14195.39096,91863.37231
Lancaster,Corn,2019,LAN_CN_19,N,1,106,CC,IM25,0,6.675,6725.477416,74365.58711
Lancaster,Corn,2019,LAN_CN_19,N,1,107,CC,IM50,0,5.3675,8732.876175,87488.92601
Lancaster,Corn,2019,LAN_CN_19,N,1,108,Till,IM50,1,6.09,10785.23631,74365.58711
Lancaster,Corn,2019,LAN_CN_19,N,1,109,NT,IM50,0,5.6175,8042.389927,87488.92601
Lancaster,Corn,2019,LAN_CN_19,N,1,110,NT,FO25,0,6.8825,8370.951,91863.37231
Lancaster,Corn,2019,LAN_CN_19,N,1,111,Till,FO25,0,7.895,15947.27765,83114.47971
Lancaster,Corn,2019,LAN_CN_19,N,1,112,CC,FO25,0,4.6625,11595.62808,87488.92601
Lancaster,Corn,2019,LAN_CN_19,N,1,113,Till,FO50,0,8.14,17155.43608,83114.47971
Lancaster,Corn,2019,LAN_CN_19,N,1,114,NT,FO50,0,6.3475,6417.479981,74365.58711
Lancaster,Corn,2019,LAN_CN_19,N,1,115,CC,FO50,0,6.87,9483.587607,74365.58711
Lancaster,Corn,2019,LAN_CN_19,N,2,201,Till,FO25,0,8.14,14708.20346,65616.69451
Lancaster,Corn,2019,LAN_CN_19,N,2,202,NT,IM50,0,6.36,12058.70318,83114.47971
Lancaster,Corn,2019,LAN_CN_19,N,2,203,CC,IM25,0,7.25,11631.66501,87488.92601
Lancaster,Corn,2019,LAN_CN_19,N,2,204,NT,IM25,0,5.52,8755.931891,83114.47971
Lancaster,Corn,2019,LAN_CN_19,N,2,205,Till,FO50,0,7.8125,13379.42759,87488.92601
Lancaster,Corn,2019,LAN_CN_19,N,2,206,CC,CTRL,1,4.4225,6349.856659,78740.03341
Lancaster,Corn,2019,LAN_CN_19,N,2,207,CC,FO50,0,5.225,9430.723435,87488.92601
Lancaster,Corn,2019,LAN_CN_19,N,2,208,Till,IM25,0,6,13726.58439,83114.47971
Lancaster,Corn,2019,LAN_CN_19,N,2,209,NT,FO50,1,6.9675,9277.507603,74365.58711
Lancaster,Corn,2019,LAN_CN_19,N,2,210,NT,CTRL,0,6.23,9381.69794,74365.58711
Lancaster,Corn,2019,LAN_CN_19,N,2,211,Till,CTRL,0,8.5325,15121.55876,74365.58711
Lancaster,Corn,2019,LAN_CN_19,N,2,212,CC,FO25,0,5.73,11506.33004,83114.47971
Lancaster,Corn,2019,LAN_CN_19,N,2,213,Till,IM50,0,7.6825,16406.20975,74365.58711
Lancaster,Corn,2019,LAN_CN_19,N,2,214,NT,FO25,0,6.8575,6234.728507,78740.03341
Lancaster,Corn,2019,LAN_CN_19,N,2,215,CC,IM50,0,6.3425,8520.70259,87488.92601
Lancaster,Corn,2019,LAN_CN_19,N,3,301,Till,IM25,0,7.52,14355.43649,74365.58711
Lancaster,Corn,2019,LAN_CN_19,N,3,302,NT,FO25,0,5.8275,11805.77137,78740.03341
Lancaster,Corn,2019,LAN_CN_19,N,3,303,CC,IM25,0,6.6825,12634.18271,74365.58711
Lancaster,Corn,2019,LAN_CN_19,N,3,304,NT,CTRL,1,6.26,9751.726449,87488.92601
Lancaster,Corn,2019,LAN_CN_19,N,3,305,Till,IM50,0,7.42,12425.96484,69991.14081
Lancaster,Corn,2019,LAN_CN_19,N,3,306,CC,FO25,0,4.575,5827.056378,78740.03341
Lancaster,Corn,2019,LAN_CN_19,N,3,307,CC,FO50,1,5.8075,8768.015667,96237.81861
Lancaster,Corn,2019,LAN_CN_19,N,3,308,Till,FO25,0,5.9075,10681.05166,74365.58711
Lancaster,Corn,2019,LAN_CN_19,N,3,309,NT,FO50,0,8.1425,8887.861112,87488.92601
Lancaster,Corn,2019,LAN_CN_19,N,3,310,NT,IM50,0,7.8825,9286.61973,78740.03341
Lancaster,Corn,2019,LAN_CN_19,N,3,311,Till,CTRL,0,9.3525,16738.20295,48118.9093
Lancaster,Corn,2019,LAN_CN_19,N,3,312,CC,CTRL,1,5.3825,11516.08701,74365.58711
Lancaster,Corn,2019,LAN_CN_19,N,3,313,Till,FO50,0,9.03,15363.47269,91863.37231
Lancaster,Corn,2019,LAN_CN_19,N,3,314,NT,IM25,0,7.5125,7054.237427,91863.37231
Lancaster,Corn,2019,LAN_CN_19,N,3,315,CC,IM50,0,6.6075,9962.639853,83114.47971
Lancaster,Corn,2019,LAN_CN_19,N,4,401,Till,IM50,1,7.0425,15934.68741,78740.03341
Lancaster,Corn,2019,LAN_CN_19,N,4,402,NT,IM25,1,7.0275,13126.62002,96237.81861
Lancaster,Corn,2019,LAN_CN_19,N,4,403,CC,FO50,,,,
Lancaster,Corn,2019,LAN_CN_19,N,4,404,NT,FO25,0,6.6425,10851.36453,83114.47971
Lancaster,Corn,2019,LAN_CN_19,N,4,405,Till,FO25,1,8.3,13197.63154,87488.92601
Lancaster,Corn,2019,LAN_CN_19,N,4,406,CC,IM25,0,5.655,6285.06679,83114.47971
Lancaster,Corn,2019,LAN_CN_19,N,4,407,CC,FO25,0,6.3575,9765.67476,74365.58711
Lancaster,Corn,2019,LAN_CN_19,N,4,408,Till,FO50,0,5.855,10576.61661,69991.14081
Lancaster,Corn,2019,LAN_CN_19,N,4,409,NT,CTRL,1,6.5025,9511.775187,78740.03341
Lancaster,Corn,2019,LAN_CN_19,N,4,410,NT,FO50,1,6.715,8169.359275,83114.47971
Lancaster,Corn,2019,LAN_CN_19,N,4,411,Till,IM25,0,8.4425,14541.96082,83114.47971
Lancaster,Corn,2019,LAN_CN_19,N,4,412,CC,CTRL,0,5.345,11759.22918,83114.47971
Lancaster,Corn,2019,LAN_CN_19,N,4,413,Till,CTRL,1,,12277.52758,87488.92601
Lancaster,Corn,2019,LAN_CN_19,N,4,414,NT,IM50,1,8.3475,6146.206597,78740.03341
Lancaster,Corn,2019,LAN_CN_19,N,4,415,CC,IM50,1,9.2375,9593.112005,83114.47971
Lancaster,Corn,2020,LAN_CN_20,N,1,101,Till,CTRL,0,23.2125,9841.065504,91863.37231
Lancaster,Corn,2020,LAN_CN_20,N,1,102,NT,CTRL,0,26.84,7464.376791,91863.37231
Lancaster,Corn,2020,LAN_CN_20,N,1,103,CC,CTRL,0,27.115,8720.358424,96237.81861
Lancaster,Corn,2020,LAN_CN_20,N,1,104,NT,IM25,0,30.26,8935.617766,87488.92601
Lancaster,Corn,2020,LAN_CN_20,N,1,105,CC,IM25,0,29.785,11184.46265,87488.92601
Lancaster,Corn,2020,LAN_CN_20,N,1,106,Till,IM25,0,26.53,13256.66507,91863.37231
Lancaster,Corn,2020,LAN_CN_20,N,1,107,NT,IM50,0,25.8425,9012.110569,87488.92601
Lancaster,Corn,2020,LAN_CN_20,N,1,108,Till,IM50,0,25.4825,11779.45722,87488.92601
Lancaster,Corn,2020,LAN_CN_20,N,1,109,CC,IM50,0,21.6225,9663.946924,96237.81861
Lancaster,Corn,2020,LAN_CN_20,N,1,110,NT,FO25,0,25.8625,10087.21531,96237.81861
Lancaster,Corn,2020,LAN_CN_20,N,1,111,CC,FO25,0,20.8525,8602.994857,87488.92601
Lancaster,Corn,2020,LAN_CN_20,N,1,112,Till,FO25,0,25.03,9899.218596,91863.37231
Lancaster,Corn,2020,LAN_CN_20,N,1,113,Till,FO50,0,26.4825,11396.39038,87488.92601
Lancaster,Corn,2020,LAN_CN_20,N,1,114,NT,FO50,0,23.09,11941.95425,87488.92601
Lancaster,Corn,2020,LAN_CN_20,N,1,115,CC,FO50,0,24.83,12569.80241,96237.81861
Lancaster,Corn,2020,LAN_CN_20,N,2,201,Till,FO25,0,35.5175,12801.02403,91863.37231
Lancaster,Corn,2020,LAN_CN_20,N,2,202,NT,IM50,0,35.875,9515.348724,91863.37231
Lancaster,Corn,2020,LAN_CN_20,N,2,203,CC,FO50,0,25.9925,10351.1792,87488.92601
Lancaster,Corn,2020,LAN_CN_20,N,2,204,NT,CTRL,0,33.7775,11119.23099,96237.81861
Lancaster,Corn,2020,LAN_CN_20,N,2,205,CC,FO25,0,36.8475,12612.85838,78740.03341
Lancaster,Corn,2020,LAN_CN_20,N,2,206,Till,IM50,0,32.12,14788.51346,87488.92601
Lancaster,Corn,2020,LAN_CN_20,N,2,207,NT,FO50,0,29.2475,10858.32408,96237.81861
Lancaster,Corn,2020,LAN_CN_20,N,2,208,Till,CTRL,0,37.0725,11636.43942,91863.37231
Lancaster,Corn,2020,LAN_CN_20,N,2,209,CC,CTRL,0,28.0725,11194.05205,87488.92601
Lancaster,Corn,2020,LAN_CN_20,N,2,210,NT,IM25,0,30.8925,11176.39254,91863.37231
Lancaster,Corn,2020,LAN_CN_20,N,2,211,CC,IM25,0,22.9575,10642.56203,91863.37231
Lancaster,Corn,2020,LAN_CN_20,N,2,212,Till,FO50,0,32.1675,12758.27718,96237.81861
Lancaster,Corn,2020,LAN_CN_20,N,2,213,Till,IM25,0,29.7475,14172.31816,87488.92601
Lancaster,Corn,2020,LAN_CN_20,N,2,214,NT,FO25,0,32.3575,14317.63091,87488.92601
Lancaster,Corn,2020,LAN_CN_20,N,2,215,CC,IM50,2,27.8175,13194.26212,91863.37231
Lancaster,Corn,2020,LAN_CN_20,N,3,301,Till,FO50,0,38.5625,13057.44116,91863.37231
Lancaster,Corn,2020,LAN_CN_20,N,3,302,NT,IM25,0,36.7875,12354.10815,83114.47971
Lancaster,Corn,2020,LAN_CN_20,N,3,303,CC,FO25,0,37.5725,11886.17802,87488.92601
Lancaster,Corn,2020,LAN_CN_20,N,3,304,NT,FO50,0,40.4425,13647.66274,87488.92601
Lancaster,Corn,2020,LAN_CN_20,N,3,305,CC,FO50,0,32.675,14684.97148,91863.37231
Lancaster,Corn,2020,LAN_CN_20,N,3,306,Till,CTRL,0,37.7775,15724.23171,96237.81861
Lancaster,Corn,2020,LAN_CN_20,N,3,307,NT,FO25,0,32.58,12149.39145,91863.37231
Lancaster,Corn,2020,LAN_CN_20,N,3,308,Till,FO25,0,37.9,5898.381892,91863.37231
Lancaster,Corn,2020,LAN_CN_20,N,3,309,CC,IM25,0,23.79,10690.21875,91863.37231
Lancaster,Corn,2020,LAN_CN_20,N,3,310,NT,CTRL,0,27.2875,12401.05616,87488.92601
Lancaster,Corn,2020,LAN_CN_20,N,3,311,CC,IM50,2,27.97,11462.18553,91863.37231
Lancaster,Corn,2020,LAN_CN_20,N,3,312,Till,IM25,0,29.0625,14244.67453,87488.92601
Lancaster,Corn,2020,LAN_CN_20,N,3,313,Till,IM50,0,24.4225,13989.2028,87488.92601
Lancaster,Corn,2020,LAN_CN_20,N,3,314,NT,IM50,0,27.8175,13831.98269,91863.37231
Lancaster,Corn,2020,LAN_CN_20,N,3,315,CC,CTRL,0,26.835,14993.04136,87488.92601
Lancaster,Corn,2020,LAN_CN_20,N,4,401,Till,IM50,0,28.4575,11210.18505,91863.37231
Lancaster,Corn,2020,LAN_CN_20,N,4,402,NT,FO50,0,31.5925,9132.948353,87488.92601
Lancaster,Corn,2020,LAN_CN_20,N,4,403,CC,CTRL,0,29.565,8879.818723,87488.92601
Lancaster,Corn,2020,LAN_CN_20,N,4,404,NT,FO25,0,35.11,11302.61732,91863.37231
Lancaster,Corn,2020,LAN_CN_20,N,4,405,CC,IM50,0,27.1175,12915.16557,91863.37231
Lancaster,Corn,2020,LAN_CN_20,N,4,406,Till,FO50,0,28.015,15266.90403,91863.37231
Lancaster,Corn,2020,LAN_CN_20,N,4,407,NT,CTRL,0,29.695,10462.27469,96237.81861
Lancaster,Corn,2020,LAN_CN_20,N,4,408,Till,IM25,0,26.27,10286.01918,96237.81861
Lancaster,Corn,2020,LAN_CN_20,N,4,409,CC,FO50,0,21.675,8206.379024,91863.37231
Lancaster,Corn,2020,LAN_CN_20,N,4,410,NT,IM50,0,30.1,9559.728416,91863.37231
Lancaster,Corn,2020,LAN_CN_20,N,4,411,CC,FO25,0,23.1375,9164.192777,91863.37231
Lancaster,Corn,2020,LAN_CN_20,N,4,412,Till,CTRL,0,24.5525,10759.58275,83114.47971
Lancaster,Corn,2020,LAN_CN_20,N,4,413,Till,FO25,0,28.31,10505.11016,78740.03341
Lancaster,Corn,2020,LAN_CN_20,N,4,414,NT,IM25,0,26.2175,10383.29877,91863.37231
Lancaster,Corn,2020,LAN_CN_20,N,4,415,CC,IM25,0,21.22,11750.59206,87488.92601
